SET SQL_MODE = "NO_AUTO_VALUE_ON_ZERO";
SET time_zone = "+00:00";


/*!40101 SET @OLD_CHARACTER_SET_CLIENT=@@CHARACTER_SET_CLIENT */;
/*!40101 SET @OLD_CHARACTER_SET_RESULTS=@@CHARACTER_SET_RESULTS */;
/*!40101 SET @OLD_COLLATION_CONNECTION=@@COLLATION_CONNECTION */;
/*!40101 SET NAMES utf8 */;
--
-- Database: `looneytunes`
--




CREATE TABLE IF NOT EXISTS `tab_administradores` (
  `ID_ADMINISTRADOR` int(11) NOT NULL AUTO_INCREMENT,
  `ID_USUARIO` int(11) DEFAULT NULL,
  `NOMBRE_ADMIN` varchar(50) DEFAULT NULL,
  `APELLIDO_ADMIN` varchar(50) DEFAULT NULL,
  `CELULAR_ADMIN` varchar(10) DEFAULT NULL,
  PRIMARY KEY (`ID_ADMINISTRADOR`),
  KEY `FK_REFERENCE_15` (`ID_USUARIO`),
  CONSTRAINT `FK_REFERENCE_15` FOREIGN KEY (`ID_USUARIO`) REFERENCES `tab_usuarios` (`ID_USUARIO`)
) ENGINE=InnoDB AUTO_INCREMENT=4 DEFAULT CHARSET=utf8mb4 COLLATE=utf8mb4_general_ci;



CREATE TABLE IF NOT EXISTS `tab_categorias` (
  `ID_CATEGORIA` int(11) NOT NULL AUTO_INCREMENT,
  `ID_USUARIO` int(11) DEFAULT NULL,
  `CATEGORIA` varchar(30) DEFAULT NULL,
  `HORA_ENTRA` time DEFAULT NULL,
  `HORA_SALE` time DEFAULT NULL,
  PRIMARY KEY (`ID_CATEGORIA`),
  KEY `FK_REFERENCE_11` (`ID_USUARIO`),
  CONSTRAINT `FK_REFERENCE_11` FOREIGN KEY (`ID_USUARIO`) REFERENCES `tab_usuarios` (`ID_USUARIO`)
) ENGINE=InnoDB DEFAULT CHARSET=utf8mb4 COLLATE=utf8mb4_general_ci;



CREATE TABLE IF NOT EXISTS `tab_deportistas` (
  `ID_DEPORTISTA` int(11) NOT NULL AUTO_INCREMENT,
  `ID_USUARIO` int(11) DEFAULT NULL,
  `NOMBRE_DEPO` varchar(50) DEFAULT NULL,
  `APELLIDO_DEPO` varchar(50) DEFAULT NULL,
  `FECHA_NACIMIENTO` date DEFAULT NULL,
  `CEDULA_DEPO` varchar(10) DEFAULT NULL,
  `NUMERO_CELULAR` varchar(10) DEFAULT NULL,
  `GENERO` varchar(20) DEFAULT NULL,
  PRIMARY KEY (`ID_DEPORTISTA`),
  KEY `FK_REFERENCE_12` (`ID_USUARIO`),
  CONSTRAINT `FK_REFERENCE_12` FOREIGN KEY (`ID_USUARIO`) REFERENCES `tab_usuarios` (`ID_USUARIO`)
) ENGINE=InnoDB AUTO_INCREMENT=8 DEFAULT CHARSET=utf8mb4 COLLATE=utf8mb4_general_ci;



CREATE TABLE IF NOT EXISTS `tab_detalles` (
  `ID_DETALLE` int(11) NOT NULL AUTO_INCREMENT,
  `ID_USUARIO` int(11) DEFAULT NULL,
  `NUMERO_CAMISA` varchar(2) DEFAULT NULL,
  `ALTURA` varchar(10) DEFAULT NULL,
  `PESO` varchar(10) DEFAULT NULL,
  `FECHA_INGRESO` date DEFAULT NULL,
  PRIMARY KEY (`ID_DETALLE`),
  KEY `FK_REFERENCE_9` (`ID_USUARIO`),
  CONSTRAINT `FK_REFERENCE_9` FOREIGN KEY (`ID_USUARIO`) REFERENCES `tab_usuarios` (`ID_USUARIO`)
) ENGINE=InnoDB AUTO_INCREMENT=7 DEFAULT CHARSET=utf8mb4 COLLATE=utf8mb4_general_ci;



CREATE TABLE IF NOT EXISTS `tab_entrenadores` (
  `ID_ENTRENADOR` int(11) NOT NULL AUTO_INCREMENT,
  `ID_USUARIO` int(11) DEFAULT NULL,
  `NOMBRE_ENTRE` varchar(50) DEFAULT NULL,
  `APELLIDO_ENTRE` varchar(50) DEFAULT NULL,
  `EXPERIENCIA_ENTRE` varchar(10) DEFAULT NULL,
  `CELULAR_ENTRE` varchar(10) DEFAULT NULL,
  `CORREO_ENTRE` varchar(50) DEFAULT NULL,
  `DIRECCION_ENTRE` varchar(50) DEFAULT NULL,
  `CEDULA_ENTRE` varchar(10) DEFAULT NULL,
  PRIMARY KEY (`ID_ENTRENADOR`),
  KEY `FK_REFERENCE_8` (`ID_USUARIO`),
  CONSTRAINT `FK_REFERENCE_8` FOREIGN KEY (`ID_USUARIO`) REFERENCES `tab_usuarios` (`ID_USUARIO`)
) ENGINE=InnoDB AUTO_INCREMENT=3 DEFAULT CHARSET=utf8mb4 COLLATE=utf8mb4_general_ci;



CREATE TABLE IF NOT EXISTS `tab_logs` (
  `ID_LOG` int(11) NOT NULL AUTO_INCREMENT,
  `ID_USUARIO` int(11) DEFAULT NULL,
  `EVENTO` text DEFAULT NULL,
  `HORA_LOG` time DEFAULT NULL,
  `DIA_LOG` date DEFAULT NULL,
  `IP` varchar(20) DEFAULT NULL,
  PRIMARY KEY (`ID_LOG`),
  KEY `FK_REFERENCE_14` (`ID_USUARIO`),
  CONSTRAINT `FK_REFERENCE_14` FOREIGN KEY (`ID_USUARIO`) REFERENCES `tab_usuarios` (`ID_USUARIO`)
) ENGINE=InnoDB AUTO_INCREMENT=6 DEFAULT CHARSET=utf8mb4 COLLATE=utf8mb4_general_ci;



CREATE TABLE IF NOT EXISTS `tab_pagos` (
  `ID_PAGO` int(11) NOT NULL AUTO_INCREMENT,
  `ID_USUARIO` int(11) DEFAULT NULL,
  `TIPO_PAGO` varchar(20) DEFAULT NULL,
  `COMPROBANTE` varchar(20) DEFAULT NULL,
  PRIMARY KEY (`ID_PAGO`),
  KEY `FK_REFERENCE_13` (`ID_USUARIO`),
  CONSTRAINT `FK_REFERENCE_13` FOREIGN KEY (`ID_USUARIO`) REFERENCES `tab_usuarios` (`ID_USUARIO`)
) ENGINE=InnoDB DEFAULT CHARSET=utf8mb4 COLLATE=utf8mb4_general_ci;



CREATE TABLE IF NOT EXISTS `tab_productos` (
  `ID_INVENTARIO` int(11) NOT NULL AUTO_INCREMENT,
  `ID_MOVIMIENTOI` int(11) DEFAULT NULL,
  `NOMBRE_PRODUCTO` varchar(30) DEFAULT NULL,
  `CANTIDAD_PRODUCTO` int(11) DEFAULT NULL,
  `STOCK` tinyint(1) DEFAULT NULL,
  PRIMARY KEY (`ID_INVENTARIO`),
  KEY `FK_REFERENCE_3` (`ID_MOVIMIENTOI`),
  CONSTRAINT `FK_REFERENCE_3` FOREIGN KEY (`ID_MOVIMIENTOI`) REFERENCES `tab_productos_movimientos` (`ID_MOVIMIENTOI`)
) ENGINE=InnoDB DEFAULT CHARSET=utf8mb4 COLLATE=utf8mb4_general_ci;



CREATE TABLE IF NOT EXISTS `tab_productos_movimientos` (
  `ID_MOVIMIENTOI` int(11) NOT NULL AUTO_INCREMENT,
  `ID_USUARIO` int(11) DEFAULT NULL,
  `REGISTRO_PRODUC` text DEFAULT NULL,
  `FECHA_M` date DEFAULT NULL,
  PRIMARY KEY (`ID_MOVIMIENTOI`),
  KEY `FK_REFERENCE_16` (`ID_USUARIO`),
  CONSTRAINT `FK_REFERENCE_16` FOREIGN KEY (`ID_USUARIO`) REFERENCES `tab_usuarios` (`ID_USUARIO`)
) ENGINE=InnoDB DEFAULT CHARSET=utf8mb4 COLLATE=utf8mb4_general_ci;



CREATE TABLE IF NOT EXISTS `tab_representantes` (
  `ID_REPRESENTANTE` int(11) NOT NULL AUTO_INCREMENT,
  `ID_USUARIO` int(11) DEFAULT NULL,
  `NOMBRE_REPRE` varchar(50) DEFAULT NULL,
  `APELLIDO_REPRE` varchar(50) DEFAULT NULL,
  `CELULAR_REPRE` varchar(10) DEFAULT NULL,
  `CORREO_REPRE` varchar(100) DEFAULT NULL,
  `DIRECCION_REPRE` varchar(100) DEFAULT NULL,
  `CEDULA_REPRE` varchar(10) DEFAULT NULL,
  PRIMARY KEY (`ID_REPRESENTANTE`),
  KEY `FK_REFERENCE_10` (`ID_USUARIO`),
  CONSTRAINT `FK_REFERENCE_10` FOREIGN KEY (`ID_USUARIO`) REFERENCES `tab_usuarios` (`ID_USUARIO`)
) ENGINE=InnoDB AUTO_INCREMENT=4 DEFAULT CHARSET=utf8mb4 COLLATE=utf8mb4_general_ci;



CREATE TABLE IF NOT EXISTS `tab_temp_deportistas` (
  `ID_TEMP_DEPORTISTA` int(11) NOT NULL AUTO_INCREMENT,
  `ID_USUARIO` int(11) NOT NULL,
  `NOMBRE_DEPO` varchar(50) DEFAULT NULL,
  `APELLIDO_DEPO` varchar(50) DEFAULT NULL,
  `FECHA_NACIMIENTO` date DEFAULT NULL,
  `CEDULA_DEPO` varchar(10) DEFAULT NULL,
  `NUMERO_CELULAR` varchar(10) DEFAULT NULL,
  `GENERO` varchar(20) DEFAULT NULL,
  PRIMARY KEY (`ID_TEMP_DEPORTISTA`),
  KEY `ID_USUARIO` (`ID_USUARIO`),
  CONSTRAINT `tab_temp_deportistas_ibfk_1` FOREIGN KEY (`ID_USUARIO`) REFERENCES `tab_usuarios` (`ID_USUARIO`) ON DELETE CASCADE ON UPDATE CASCADE
) ENGINE=InnoDB AUTO_INCREMENT=18 DEFAULT CHARSET=utf8mb4 COLLATE=utf8mb4_general_ci;



CREATE TABLE IF NOT EXISTS `tab_tipo_usuario` (
  `ID_TIPO` int(11) NOT NULL AUTO_INCREMENT,
  `TIPO` varchar(20) DEFAULT NULL,
  PRIMARY KEY (`ID_TIPO`)
) ENGINE=InnoDB AUTO_INCREMENT=5 DEFAULT CHARSET=utf8mb4 COLLATE=utf8mb4_general_ci;



CREATE TABLE IF NOT EXISTS `tab_usu_tipo` (
  `ID_USU_TIPO` int(11) NOT NULL AUTO_INCREMENT,
  `ID_TIPO` int(11) DEFAULT NULL,
  `ID_USUARIO` int(11) DEFAULT NULL,
  PRIMARY KEY (`ID_USU_TIPO`),
  KEY `FK_REFERENCE_17` (`ID_TIPO`),
  KEY `FK_REFERENCE_18` (`ID_USUARIO`),
  CONSTRAINT `FK_REFERENCE_17` FOREIGN KEY (`ID_TIPO`) REFERENCES `tab_tipo_usuario` (`ID_TIPO`),
  CONSTRAINT `FK_REFERENCE_18` FOREIGN KEY (`ID_USUARIO`) REFERENCES `tab_usuarios` (`ID_USUARIO`)
) ENGINE=InnoDB AUTO_INCREMENT=25 DEFAULT CHARSET=utf8mb4 COLLATE=utf8mb4_general_ci;



CREATE TABLE IF NOT EXISTS `tab_usuarios` (
  `ID_USUARIO` int(11) NOT NULL AUTO_INCREMENT,
  `USUARIO` varchar(20) DEFAULT NULL,
  `PASS` varchar(100) DEFAULT NULL,
  PRIMARY KEY (`ID_USUARIO`)
) ENGINE=InnoDB AUTO_INCREMENT=25 DEFAULT CHARSET=utf8mb4 COLLATE=utf8mb4_general_ci;


INSERT INTO tab_administradores VALUES
("3","17","Carlos","Rosales","0984657646");






INSERT INTO tab_deportistas VALUES
("5","22","Pablo","Chasi","2002-03-06","1001001003","0912345678","Masculino"),
("6","23","Luis","Cabrera","2003-03-26","1001001002","0987654321","Masculino"),
("7","24","Brandon","Alvarez","2003-06-26","1001001001","0984657646","Masculino");



INSERT INTO tab_detalles VALUES
("4","24","13","1.75","92","2023-08-26"),
("5","23","26","1.78","80","2024-06-17"),
("6","22","47","1.60","60","2024-06-19");



INSERT INTO tab_entrenadores VALUES
("2","16","Santiago","Andrade","7 meses","0984657646","andradebrandon26@gmail.com","Ibarra","1003447560");



INSERT INTO tab_logs VALUES
("1","16","Inicio de sesión","08:50:18","2024-06-17",""),
("2","16","Inicio de sesión","08:50:34","2024-06-17",""),
("3","17","Inicio de sesión","09:08:43","2024-06-17",""),
("4","17","Inicio de sesión","08:27:37","2024-06-19",""),
("5","17","Inicio de sesión","11:10:25","2024-06-19","");












INSERT INTO tab_representantes VALUES
("3","18","Viviana","Alvarez","0987654321","user_3@gmail.com","Pimampiro","1002536181");



INSERT INTO tab_temp_deportistas VALUES
("15","16","Brandon","Alvarez","2003-06-26","1001001001","0984657646","Masculino"),
("16","16","Luis","Cabrera","2003-03-26","1001001002","0987654321","Masculino"),
("17","16","Pablo","Chasi","2002-03-06","1001001003","0912345678","Masculino");



INSERT INTO tab_tipo_usuario VALUES
("1","Administrador"),
("2","Entrenador"),
("3","Representante"),
("4","Deportista");



INSERT INTO tab_usu_tipo VALUES
("16","2","16"),
("17","1","17"),
("18","3","18"),
("22","2","22"),
("23","2","23"),
("24","2","24");



INSERT INTO tab_usuarios VALUES
("16","Santiago","$2y$10$drUQ3gjrFF5PtnRVAkWGgeQbXtqZqF451Ilzl2IDL80Z0aHsh9L8C"),
("17","Carlos","$2y$10$q/IbwCdYWpIeFPQpFamUtuzRyX9sqe8eMPQfiP.MN06OV.zxzpyxu"),
("18","Viviana","$2y$10$P2FXS9k8pp00fhFN8qEtg.0RkvMXforjqfrdAonnIlE.MdDN7NEb6"),
("22","Pablo","$2y$10$10ayRb5ifSWj4xJ5xAR8n.a3llP2GaFSTBvLCU6605eV..m.pO1pS"),
("23","Luis","$2y$10$zuzAEReFZqV8bbEIiMX4QOWTGYuXU.sjmFFUNqtR9Y70yafh9eBrS"),
("24","Brandon","$2y$10$ZsXivTz2E48/N/VtcrHYTuXBkd26RgTV65HlLFBcFD4bCWiA7Mzoy");




/*!40101 SET CHARACTER_SET_CLIENT=@OLD_CHARACTER_SET_CLIENT */;
/*!40101 SET CHARACTER_SET_RESULTS=@OLD_CHARACTER_SET_RESULTS */;
/*!40101 SET COLLATION_CONNECTION=@OLD_COLLATION_CONNECTION */;